{
  "朝花夕拾": {
    "paragraph_count": 1402,
    "character_count": 42899,
    "average_paragraph_length": 30.598430813124107
  },
  "而已集": {
    "paragraph_count": 931,
    "character_count": 98126,
    "average_paragraph_length": 105.3984962406015
  },
  "野草": {
    "paragraph_count": 887,
    "character_count": 23283,
    "average_paragraph_length": 26.249154453213077
  },
  "华盖集": {
    "paragraph_count": 1274,
    "character_count": 101250,
    "average_paragraph_length": 79.47409733124019
  },
  "彷徨": {
    "paragraph_count": 2816,
    "character_count": 82547,
    "average_paragraph_length": 29.31356534090909
  },
  "热风": {
    "paragraph_count": 1756,
    "character_count": 58748,
    "average_paragraph_length": 33.45558086560364
  },
  "坟": {
    "paragraph_count": 2831,
    "character_count": 98623,
    "average_paragraph_length": 34.83680678205581
  },
  "故事新编": {
    "paragraph_count": 2855,
    "character_count": 83126,
    "average_paragraph_length": 29.115936952714534
  },
  "呐喊": {
    "paragraph_count": 2883,
    "character_count": 83519,
    "average_paragraph_length": 28.96947624002775
  },
  "三闲集": {
    "paragraph_count": 845,
    "character_count": 94627,
    "average_paragraph_length": 111.98461538461538
  },
  "二心集": {
    "paragraph_count": 1049,
    "character_count": 126301,
    "average_paragraph_length": 120.40133460438513
  },
  "华盖集续编的续编": {
    "paragraph_count": 196,
    "character_count": 19284,
    "average_paragraph_length": 98.38775510204081
  },
  "华盖集续编": {
    "paragraph_count": 1102,
    "character_count": 106327,
    "average_paragraph_length": 96.48548094373865
  }
}